"instagram_id"	"link_alternate"	"link_avatar"	"link_enclosure"	"link_preview"	"link_self"	"name"	"point"	"published"	"uri"	"latitude"	"longitude"
"556714229472346744_586711"	"http://www.instagram.com/hiddenabandonment"	"http://images.ak.instagram.com/profiles/profile_586711_75sq_1367241159.jpg"	"http://distilleryimage4.s3.amazonaws.com/402ee4c62a2c11e3a95722000a9f09e9_8.jpg"	"http://distilleryimage4.s3.amazonaws.com/402ee4c62a2c11e3a95722000a9f09e9_5.jpg"	"https://api.instagram.com/v1/media/search?client_id=58e5502e27644cee9bb2770ec28213c2&distance=5000&lat=40.775&lng=-73.968"	"hiddenabandonment"	"40.741306909 -73.989357948"	"2013-09-30 23:58:49"	"http://www.instagram.com/hiddenabandonment"	"40.741306909"	"-73.989357948"
"556714442878759212_304196931"	"http://www.instagram.com/carlosanayamedia"	"http://images.ak.instagram.com/profiles/profile_304196931_75sq_1360430620.jpg"	"http://distilleryimage0.s3.amazonaws.com/4f57be282a2c11e3a39f22000aa8011e_8.jpg"	"http://distilleryimage0.s3.amazonaws.com/4f57be282a2c11e3a39f22000aa8011e_5.jpg"	"https://api.instagram.com/v1/media/search?client_id=58e5502e27644cee9bb2770ec28213c2&distance=5000&lat=40.775&lng=-73.968"	"carlosanayamedia"	"40.756067267 -73.99017334"	"2013-09-30 23:59:14"	"http://www.instagram.com/carlosanayamedia"	"40.756067267"	"-73.99017334"
"556714544466686078_1248771"	"http://www.instagram.com/naovel"	"http://images.ak.instagram.com/profiles/profile_1248771_75sq_1364862103.jpg"	"http://distilleryimage2.s3.amazonaws.com/568e39922a2c11e3bcfd22000a1f9d84_8.jpg"	"http://distilleryimage2.s3.amazonaws.com/568e39922a2c11e3bcfd22000a1f9d84_5.jpg"	"https://api.instagram.com/v1/media/search?client_id=58e5502e27644cee9bb2770ec28213c2&distance=5000&lat=40.745&lng=-73.988"	"naovel"	"40.767108333 -73.96518"	"2013-09-30 23:59:27"	"http://www.instagram.com/naovel"	"40.767108333"	"-73.96518"
"556714562357475636_17881709"	"http://www.instagram.com/bumpyjohnson"	"http://images.ak.instagram.com/profiles/profile_17881709_75sq_1373124622.jpg"	"http://distilleryimage0.s3.amazonaws.com/57d500b02a2c11e3ad5622000a1f98e5_8.jpg"	"http://distilleryimage0.s3.amazonaws.com/57d500b02a2c11e3ad5622000a1f98e5_5.jpg"	"https://api.instagram.com/v1/media/search?client_id=58e5502e27644cee9bb2770ec28213c2&distance=5000&lat=40.695&lng=-73.955"	"bumpyjohnson"	"40.697293144 -73.969202663"	"2013-09-30 23:59:29"	"http://www.instagram.com/bumpyjohnson"	"40.697293144"	"-73.969202663"
"556714584219383737_288917876"	"http://www.instagram.com/mpfriasx"	"http://images.ak.instagram.com/profiles/profile_288917876_75sq_1380550544.jpg"	"http://distilleryimage1.s3.amazonaws.com/5962d9522a2c11e380da22000ae90dc5_8.jpg"	"http://distilleryimage1.s3.amazonaws.com/5962d9522a2c11e380da22000ae90dc5_5.jpg"	"https://api.instagram.com/v1/media/search?client_id=58e5502e27644cee9bb2770ec28213c2&distance=5000&lat=40.775&lng=-73.968"	"mpfriasx"	"40.753286356 -73.992127243"	"2013-09-30 23:59:31"	"http://www.instagram.com/mpfriasx"	"40.753286356"	"-73.992127243"
"556714646899305866_5833114"	"http://www.instagram.com/ashliz"	"http://images.ak.instagram.com/profiles/profile_5833114_75sq_1321254591.jpg"	"http://distilleryimage2.s3.amazonaws.com/5dd636142a2c11e3a1c622000ae90129_8.jpg"	"http://distilleryimage2.s3.amazonaws.com/5dd636142a2c11e3a1c622000ae90129_5.jpg"	"https://api.instagram.com/v1/media/search?client_id=58e5502e27644cee9bb2770ec28213c2&distance=5000&lat=40.695&lng=-73.955"	"ashliz"	"40.737692321 -73.988015843"	"2013-09-30 23:59:39"	"http://www.instagram.com/ashliz"	"40.737692321"	"-73.988015843"
"556714651915503246_267697928"	"http://www.instagram.com/iammyowncanvas634"	"http://images.ak.instagram.com/profiles/profile_267697928_75sq_1380207736.jpg"	"http://distilleryimage6.s3.amazonaws.com/5e327b5e2a2c11e39aee22000a9f38e6_8.jpg"	"http://distilleryimage6.s3.amazonaws.com/5e327b5e2a2c11e39aee22000a9f38e6_5.jpg"	"https://api.instagram.com/v1/media/search?client_id=58e5502e27644cee9bb2770ec28213c2&distance=5000&lat=40.745&lng=-73.988"	"iammyowncanvas634"	"40.73798 -73.998213333"	"2013-09-30 23:59:39"	"http://www.instagram.com/iammyowncanvas634"	"40.73798"	"-73.998213333"
"556714687851021498_20646680"	"http://www.instagram.com/rachelncorbett"	"http://images.ak.instagram.com/profiles/profile_20646680_75sq_1354468436.jpg"	"http://distilleryimage6.s3.amazonaws.com/60bbb4ee2a2c11e3adc122000a1f9ace_7.jpg"	"http://distilleryimage6.s3.amazonaws.com/60bbb4ee2a2c11e3adc122000a1f9ace_5.jpg"	"https://api.instagram.com/v1/media/search?client_id=58e5502e27644cee9bb2770ec28213c2&distance=5000&lat=40.805&lng=-73.950"	"rachelncorbett"	"40.80821993 -73.962153954"	"2013-09-30 23:59:44"	"http://www.instagram.com/rachelncorbett"	"40.80821993"	"-73.962153954"
"556714689267705758_26080712"	"http://www.instagram.com/alexshaw619"	"http://images.ak.instagram.com/profiles/profile_26080712_75sq_1373219590.jpg"	"http://distilleryimage2.s3.amazonaws.com/60d90fe42a2c11e38b2822000aa80213_8.jpg"	"http://distilleryimage2.s3.amazonaws.com/60d90fe42a2c11e38b2822000aa80213_5.jpg"	"https://api.instagram.com/v1/media/search?client_id=58e5502e27644cee9bb2770ec28213c2&distance=5000&lat=40.805&lng=-73.950"	"alexshaw619"	"40.76803327 -73.981869221"	"2013-09-30 23:59:44"	"http://www.instagram.com/alexshaw619"	"40.76803327"	"-73.981869221"
"556714699077816424_379904451"	"http://www.instagram.com/neocon_shows"	"http://images.ak.instagram.com/profiles/profile_379904451_75sq_1376572421.jpg"	"http://distilleryimage4.s3.amazonaws.com/618b08e82a2c11e3ad5822000aaa094d_7.jpg"	"http://distilleryimage4.s3.amazonaws.com/618b08e82a2c11e3ad5822000aaa094d_5.jpg"	"https://api.instagram.com/v1/media/search?client_id=58e5502e27644cee9bb2770ec28213c2&distance=5000&lat=40.745&lng=-73.988"	"neocon_shows"	"40.787160164 -73.954159236"	"2013-09-30 23:59:45"	"http://www.instagram.com/neocon_shows"	"40.787160164"	"-73.954159236"
"556714729869347600_190691473"	"http://www.instagram.com/jessssitin"	"http://images.ak.instagram.com/profiles/profile_190691473_75sq_1377653123.jpg"	"http://distilleryimage8.s3.amazonaws.com/63bbd1d82a2c11e3820422000a1f97b5_7.jpg"	"http://distilleryimage8.s3.amazonaws.com/63bbd1d82a2c11e3820422000a1f97b5_5.jpg"	"https://api.instagram.com/v1/media/search?client_id=58e5502e27644cee9bb2770ec28213c2&distance=5000&lat=40.722&lng=-73.992"	"jessssitin"	"40.718029311 -74.006800173"	"2013-09-30 23:59:49"	"http://www.instagram.com/jessssitin"	"40.718029311"	"-74.006800173"
"556714735768919837_253838798"	"http://www.instagram.com/katenorthway"	"http://images.ak.instagram.com/profiles/profile_253838798_75sq_1376246671.jpg"	"http://distilleryimage5.s3.amazonaws.com/642746702a2c11e39f3922000aa80254_8.jpg"	"http://distilleryimage5.s3.amazonaws.com/642746702a2c11e39f3922000aa80254_5.jpg"	"https://api.instagram.com/v1/media/search?client_id=58e5502e27644cee9bb2770ec28213c2&distance=5000&lat=40.722&lng=-73.992"	"katenorthway"	"40.713175131 -74.011931419"	"2013-09-30 23:59:49"	"http://www.instagram.com/katenorthway"	"40.713175131"	"-74.011931419"
"556714770747858916_882278"	"http://www.instagram.com/amoyahoo"	"http://images.ak.instagram.com/profiles/profile_882278_75sq_1357364742.jpg"	"http://distilleryimage4.s3.amazonaws.com/66a41d102a2c11e3a84022000aa8048a_8.jpg"	"http://distilleryimage4.s3.amazonaws.com/66a41d102a2c11e3a84022000aa8048a_5.jpg"	"https://api.instagram.com/v1/media/search?client_id=58e5502e27644cee9bb2770ec28213c2&distance=5000&lat=40.745&lng=-73.988"	"amoyahoo"	"40.701566431 -73.98887973"	"2013-09-30 23:59:54"	"http://www.instagram.com/amoyahoo"	"40.701566431"	"-73.98887973"
"556714775598808571_30659558"	"http://www.instagram.com/martymcfly160"	"http://images.ak.instagram.com/profiles/profile_30659558_75sq_1364223259.jpg"	"http://distilleryimage11.s3.amazonaws.com/66fbf1482a2c11e3a04722000aeb1017_8.jpg"	"http://distilleryimage11.s3.amazonaws.com/66fbf1482a2c11e3a04722000aeb1017_5.jpg"	"https://api.instagram.com/v1/media/search?client_id=58e5502e27644cee9bb2770ec28213c2&distance=5000&lat=40.805&lng=-73.950"	"martymcfly160"	"40.833565984 -73.942179401"	"2013-09-30 23:59:54"	"http://www.instagram.com/martymcfly160"	"40.833565984"	"-73.942179401"
"556714776694591701_229121507"	"http://www.instagram.com/nikkibb11"	"http://images.ak.instagram.com/profiles/profile_229121507_75sq_1379375603.jpg"	"http://distilleryimage9.s3.amazonaws.com/670da5f02a2c11e3b45222000a1f97b0_7.jpg"	"http://distilleryimage9.s3.amazonaws.com/670da5f02a2c11e3b45222000a1f97b0_5.jpg"	"https://api.instagram.com/v1/media/search?client_id=58e5502e27644cee9bb2770ec28213c2&distance=5000&lat=40.775&lng=-73.968"	"nikkibb11"	"40.768803333 -73.98165"	"2013-09-30 23:59:54"	"http://www.instagram.com/nikkibb11"	"40.768803333"	"-73.98165"
"556714801104142372_2695239"	"http://www.instagram.com/lizalegless"	"http://images.ak.instagram.com/profiles/profile_2695239_75sq_1357187669.jpg"	"http://distilleryimage4.s3.amazonaws.com/68cb93d42a2c11e3a2be22000aeb11a7_8.jpg"	"http://distilleryimage4.s3.amazonaws.com/68cb93d42a2c11e3a2be22000aeb11a7_5.jpg"	"https://api.instagram.com/v1/media/search?client_id=58e5502e27644cee9bb2770ec28213c2&distance=5000&lat=40.695&lng=-73.955"	"lizalegless"	"40.730666667 -73.949833333"	"2013-09-30 23:59:57"	"http://www.instagram.com/lizalegless"	"40.730666667"	"-73.949833333"
"556714818790901153_342923728"	"http://www.instagram.com/rmart29805"	"http://images.ak.instagram.com/profiles/profile_342923728_75sq_1378174155.jpg"	"http://distilleryimage5.s3.amazonaws.com/6a0db6642a2c11e3a93922000aeb0f5c_8.jpg"	"http://distilleryimage5.s3.amazonaws.com/6a0db6642a2c11e3a93922000aeb0f5c_5.jpg"	"https://api.instagram.com/v1/media/search?client_id=58e5502e27644cee9bb2770ec28213c2&distance=5000&lat=40.775&lng=-73.968"	"rmart29805"	"40.756204432 -73.993754831"	"2013-09-30 23:59:59"	"http://www.instagram.com/rmart29805"	"40.756204432"	"-73.993754831"
"556714826464716892_190967009"	"http://www.instagram.com/jackbronkie"	"http://images.ak.instagram.com/profiles/profile_190967009_75sq_1360874157.jpg"	"http://distilleryimage4.s3.amazonaws.com/6a98eb262a2c11e3b89c22000ae912df_8.jpg"	"http://distilleryimage4.s3.amazonaws.com/6a98eb262a2c11e3b89c22000ae912df_5.jpg"	"https://api.instagram.com/v1/media/search?client_id=58e5502e27644cee9bb2770ec28213c2&distance=5000&lat=40.745&lng=-73.988"	"jackbronkie"	"40.726463333 -73.990075"	"2013-10-01 00:00:00"	"http://www.instagram.com/jackbronkie"	"40.726463333"	"-73.990075"
"556714830774610623_262570201"	"http://www.instagram.com/sammymessina"	"http://images.ak.instagram.com/profiles/profile_262570201_75sq_1380473192.jpg"	"http://distilleryimage3.s3.amazonaws.com/6ae843882a2c11e3b13b22000a9e0790_8.jpg"	"http://distilleryimage3.s3.amazonaws.com/6ae843882a2c11e3b13b22000a9e0790_5.jpg"	"https://api.instagram.com/v1/media/search?client_id=58e5502e27644cee9bb2770ec28213c2&distance=5000&lat=40.775&lng=-73.968"	"sammymessina"	"40.758833333 -73.984666667"	"2013-10-01 00:00:01"	"http://www.instagram.com/sammymessina"	"40.758833333"	"-73.984666667"
"556714835651243436_18297986"	"http://www.instagram.com/agentfenris"	"http://images.ak.instagram.com/profiles/profile_18297986_75sq_1371356933.jpg"	"http://distilleryimage0.s3.amazonaws.com/6b40b3c42a2c11e3891f22000a1f931b_8.jpg"	"http://distilleryimage0.s3.amazonaws.com/6b40b3c42a2c11e3891f22000a1f931b_5.jpg"	"https://api.instagram.com/v1/media/search?client_id=58e5502e27644cee9bb2770ec28213c2&distance=5000&lat=40.775&lng=-73.968"	"agentfenris"	"40.731166667 -73.985166667"	"2013-10-01 00:00:01"	"http://www.instagram.com/agentfenris"	"40.731166667"	"-73.985166667"
"556714865595774501_315655252"	"http://www.instagram.com/exoticglam_"	"http://images.ak.instagram.com/profiles/profile_315655252_75sq_1380520833.jpg"	"http://distilleryimage9.s3.amazonaws.com/6d615e1a2a2c11e3ada522000ae911d4_8.jpg"	"http://distilleryimage9.s3.amazonaws.com/6d615e1a2a2c11e3ada522000ae911d4_5.jpg"	"https://api.instagram.com/v1/media/search?client_id=58e5502e27644cee9bb2770ec28213c2&distance=5000&lat=40.805&lng=-73.950"	"exoticglam_"	"40.827257889 -73.954093773"	"2013-10-01 00:00:05"	"http://www.instagram.com/exoticglam_"	"40.827257889"	"-73.954093773"
"556714882998263984_467434663"	"http://www.instagram.com/ohchristinaa_"	"http://images.ak.instagram.com/profiles/profile_467434663_75sq_1380267851.jpg"	"http://distilleryimage8.s3.amazonaws.com/6e9acd522a2c11e3930222000ab5c515_8.jpg"	"http://distilleryimage8.s3.amazonaws.com/6e9acd522a2c11e3930222000ab5c515_5.jpg"	"https://api.instagram.com/v1/media/search?client_id=58e5502e27644cee9bb2770ec28213c2&distance=5000&lat=40.775&lng=-73.968"	"ohchristinaa_"	"40.766819171 -73.93185759"	"2013-10-01 00:00:07"	"http://www.instagram.com/ohchristinaa_"	"40.766819171"	"-73.93185759"
"556714903306416851_352854011"	"http://www.instagram.com/shopjeen"	"http://images.ak.instagram.com/profiles/profile_352854011_75sq_1374075882.jpg"	"http://distilleryimage11.s3.amazonaws.com/700e09882a2c11e3a9ed22000a1fb773_8.jpg"	"http://distilleryimage11.s3.amazonaws.com/700e09882a2c11e3a9ed22000a1fb773_5.jpg"	"https://api.instagram.com/v1/media/search?client_id=58e5502e27644cee9bb2770ec28213c2&distance=5000&lat=40.775&lng=-73.968"	"shopjeen"	"40.744936997 -73.986919066"	"2013-10-01 00:00:09"	"http://www.instagram.com/shopjeen"	"40.744936997"	"-73.986919066"
"556714912205998181_221043297"	"http://www.instagram.com/_inmyheart_"	"http://images.ak.instagram.com/profiles/profile_221043297_75sq_1380472778.jpg"	"http://distilleryimage5.s3.amazonaws.com/70b123482a2c11e39ae722000aaa08f3_7.jpg"	"http://distilleryimage5.s3.amazonaws.com/70b123482a2c11e39ae722000aaa08f3_5.jpg"	"https://api.instagram.com/v1/media/search?client_id=58e5502e27644cee9bb2770ec28213c2&distance=5000&lat=40.805&lng=-73.950"	"_inmyheart_"	"40.807569983 -73.961333569"	"2013-10-01 00:00:10"	"http://www.instagram.com/_inmyheart_"	"40.807569983"	"-73.961333569"
"556714912607899589_207342562"	"http://www.instagram.com/adams_omede"	"http://images.ak.instagram.com/profiles/profile_207342562_75sq_1374023843.jpg"	"http://distilleryimage5.s3.amazonaws.com/70b80e422a2c11e39f7222000a9f130b_8.jpg"	"http://distilleryimage5.s3.amazonaws.com/70b80e422a2c11e39f7222000a9f130b_5.jpg"	"https://api.instagram.com/v1/media/search?client_id=58e5502e27644cee9bb2770ec28213c2&distance=5000&lat=40.745&lng=-73.988"	"adams_omede"	"40.770339706 -73.988713675"	"2013-10-01 00:00:10"	"http://www.instagram.com/adams_omede"	"40.770339706"	"-73.988713675"
"556714914762163266_339630992"	"http://www.instagram.com/dorothysamel"	"http://images.ak.instagram.com/profiles/profile_339630992_75sq_1364678524.jpg"	"http://distilleryimage6.s3.amazonaws.com/70df3d142a2c11e393e222000a1fc7f0_8.jpg"	"http://distilleryimage6.s3.amazonaws.com/70df3d142a2c11e393e222000a1fc7f0_5.jpg"	"https://api.instagram.com/v1/media/search?client_id=58e5502e27644cee9bb2770ec28213c2&distance=5000&lat=40.722&lng=-73.992"	"dorothysamel"	"40.705878333 -74.017236167"	"2013-10-01 00:00:11"	"http://www.instagram.com/dorothysamel"	"40.705878333"	"-74.017236167"
"556714926380727101_175436325"	"http://www.instagram.com/car0linegray"	"http://images.ak.instagram.com/profiles/profile_175436325_75sq_1365435475.jpg"	"http://distilleryimage5.s3.amazonaws.com/71b19d0e2a2c11e3ae1422000ae912a5_8.jpg"	"http://distilleryimage5.s3.amazonaws.com/71b19d0e2a2c11e3ae1422000ae912a5_5.jpg"	"https://api.instagram.com/v1/media/search?client_id=58e5502e27644cee9bb2770ec28213c2&distance=5000&lat=40.775&lng=-73.968"	"car0linegray"	"40.752205289 -73.98541623"	"2013-10-01 00:00:12"	"http://www.instagram.com/car0linegray"	"40.752205289"	"-73.98541623"
"556714930879136500_1768391"	"http://www.instagram.com/taylorhoward"	"http://images.ak.instagram.com/profiles/profile_1768391_75sq_1376095716.jpg"	"http://distilleryimage4.s3.amazonaws.com/7204f0c62a2c11e3b7d622000a1f968a_8.jpg"	"http://distilleryimage4.s3.amazonaws.com/7204f0c62a2c11e3b7d622000a1f968a_5.jpg"	"https://api.instagram.com/v1/media/search?client_id=58e5502e27644cee9bb2770ec28213c2&distance=5000&lat=40.775&lng=-73.968"	"taylorhoward"	"40.762324801 -73.967814445"	"2013-10-01 00:00:13"	"http://www.instagram.com/taylorhoward"	"40.762324801"	"-73.967814445"
"556714959636306676_26994389"	"http://www.instagram.com/omgzitsmaya"	"http://images.ak.instagram.com/profiles/profile_26994389_75sq_1380072257.jpg"	"http://distilleryimage4.s3.amazonaws.com/740fe9022a2c11e3bb5622000aeb0bda_7.jpg"	"http://distilleryimage4.s3.amazonaws.com/740fe9022a2c11e3bb5622000aeb0bda_5.jpg"	"https://api.instagram.com/v1/media/search?client_id=58e5502e27644cee9bb2770ec28213c2&distance=5000&lat=40.695&lng=-73.955"	"omgzitsmaya"	"40.733656159 -73.979874522"	"2013-10-01 00:00:16"	"http://www.instagram.com/omgzitsmaya"	"40.733656159"	"-73.979874522"
"556714982391596393_1686456"	"http://www.instagram.com/leocurcino"	"http://images.ak.instagram.com/profiles/profile_1686456_75sq_1329911759.jpg"	"http://distilleryimage5.s3.amazonaws.com/75a58e702a2c11e3b10a22000ab69271_7.jpg"	"http://distilleryimage5.s3.amazonaws.com/75a58e702a2c11e3b10a22000ab69271_5.jpg"	"https://api.instagram.com/v1/media/search?client_id=58e5502e27644cee9bb2770ec28213c2&distance=5000&lat=40.805&lng=-73.950"	"leocurcino"	"40.795553276 -73.93271367"	"2013-10-01 00:00:19"	"http://www.instagram.com/leocurcino"	"40.795553276"	"-73.93271367"
"556714997810959273_8667531"	"http://www.instagram.com/alex_dunne"	"http://images.ak.instagram.com/profiles/profile_8667531_75sq_1314409683.jpg"	"http://distilleryimage1.s3.amazonaws.com/76c64c722a2c11e3a40c22000a1fd5ef_7.jpg"	"http://distilleryimage1.s3.amazonaws.com/76c64c722a2c11e3a40c22000a1fd5ef_5.jpg"	"https://api.instagram.com/v1/media/search?client_id=58e5502e27644cee9bb2770ec28213c2&distance=5000&lat=40.722&lng=-73.992"	"alex_dunne"	"40.685657 -74.002177"	"2013-10-01 00:00:21"	"http://www.instagram.com/alex_dunne"	"40.685657"	"-74.002177"
"556715000351316958_512266173"	"http://www.instagram.com/inmyownlittlecornerauditions"	"http://images.ak.instagram.com/profiles/profile_512266173_75sq_1380249792.jpg"	"http://distilleryimage10.s3.amazonaws.com/76f389da2a2c11e3892a22000aeb0bad_8.jpg"	"http://distilleryimage10.s3.amazonaws.com/76f389da2a2c11e3892a22000aeb0bad_5.jpg"	"https://api.instagram.com/v1/media/search?client_id=58e5502e27644cee9bb2770ec28213c2&distance=5000&lat=40.722&lng=-73.992"	"inmyownlittlecornerauditions"	"40.6826261 -73.99693994"	"2013-10-01 00:00:21"	"http://www.instagram.com/inmyownlittlecornerauditions"	"40.6826261"	"-73.99693994"
"556715014514924574_187684726"	"http://www.instagram.com/dosomething"	"http://images.ak.instagram.com/profiles/profile_187684726_75sq_1340895760.jpg"	"http://distilleryimage6.s3.amazonaws.com/77f648722a2c11e3999722000a1fcf03_7.jpg"	"http://distilleryimage6.s3.amazonaws.com/77f648722a2c11e3999722000a1fcf03_5.jpg"	"https://api.instagram.com/v1/media/search?client_id=58e5502e27644cee9bb2770ec28213c2&distance=5000&lat=40.775&lng=-73.968"	"dosomething"	"40.740867579 -73.991861102"	"2013-10-01 00:00:23"	"http://www.instagram.com/dosomething"	"40.740867579"	"-73.991861102"
"556715016918046495_2490420"	"http://www.instagram.com/bratoutofhell"	"http://images.ak.instagram.com/profiles/profile_2490420_75sq_1380188091.jpg"	"http://distilleryimage7.s3.amazonaws.com/782187082a2c11e3809322000ab5c38b_8.jpg"	"http://distilleryimage7.s3.amazonaws.com/782187082a2c11e3809322000ab5c38b_5.jpg"	"https://api.instagram.com/v1/media/search?client_id=58e5502e27644cee9bb2770ec28213c2&distance=5000&lat=40.722&lng=-73.992"	"bratoutofhell"	"40.684994319 -73.949300414"	"2013-10-01 00:00:23"	"http://www.instagram.com/bratoutofhell"	"40.684994319"	"-73.949300414"
"556715032043477983_177826173"	"http://www.instagram.com/marsphillips"	"http://images.ak.instagram.com/profiles/profile_177826173_75sq_1378415074.jpg"	"http://distilleryimage7.s3.amazonaws.com/7933e4602a2c11e38b9422000a1f8af5_8.jpg"	"http://distilleryimage7.s3.amazonaws.com/7933e4602a2c11e38b9422000a1f8af5_5.jpg"	"https://api.instagram.com/v1/media/search?client_id=58e5502e27644cee9bb2770ec28213c2&distance=5000&lat=40.745&lng=-73.988"	"marsphillips"	"40.70434981 -73.987173121"	"2013-10-01 00:00:25"	"http://www.instagram.com/marsphillips"	"40.70434981"	"-73.987173121"
"556715037697047023_1700829"	"http://www.instagram.com/juliusocloset"	"http://images.ak.instagram.com/profiles/profile_1700829_75sq_1372104770.jpg"	"http://distilleryimage11.s3.amazonaws.com/799b4bbe2a2c11e3920622000ae9085f_8.jpg"	"http://distilleryimage11.s3.amazonaws.com/799b4bbe2a2c11e3920622000ae9085f_5.jpg"	"https://api.instagram.com/v1/media/search?client_id=58e5502e27644cee9bb2770ec28213c2&distance=5000&lat=40.695&lng=-73.955"	"juliusocloset"	"40.707046508 -73.916503906"	"2013-10-01 00:00:25"	"http://www.instagram.com/juliusocloset"	"40.707046508"	"-73.916503906"
"556715050640196068_16425367"	"http://www.instagram.com/dinojess"	"http://images.ak.instagram.com/profiles/profile_16425367_75sq_1364222332.jpg"	"http://distilleryimage8.s3.amazonaws.com/7a87a0902a2c11e39e0522000a1fa50c_8.jpg"	"http://distilleryimage8.s3.amazonaws.com/7a87a0902a2c11e39e0522000a1fa50c_5.jpg"	"https://api.instagram.com/v1/media/search?client_id=58e5502e27644cee9bb2770ec28213c2&distance=5000&lat=40.745&lng=-73.988"	"dinojess"	"40.719288333 -73.961761667"	"2013-10-01 00:00:27"	"http://www.instagram.com/dinojess"	"40.719288333"	"-73.961761667"
"556715053745230502_187356587"	"http://www.instagram.com/morelbooks"	"http://images.ak.instagram.com/profiles/profile_187356587_75sq_1367176359.jpg"	"http://distilleryimage2.s3.amazonaws.com/7abf727c2a2c11e3914322000a1f984e_7.jpg"	"http://distilleryimage2.s3.amazonaws.com/7abf727c2a2c11e3914322000a1f984e_5.jpg"	"https://api.instagram.com/v1/media/search?client_id=58e5502e27644cee9bb2770ec28213c2&distance=5000&lat=40.695&lng=-73.955"	"morelbooks"	"40.725916667 -73.988875"	"2013-10-01 00:00:27"	"http://www.instagram.com/morelbooks"	"40.725916667"	"-73.988875"
"556715059871341902_521308958"	"http://www.instagram.com/daveofny"	"http://images.ak.instagram.com/profiles/profile_521308958_75sq_1377304267.jpg"	"http://distilleryimage6.s3.amazonaws.com/7b2f55e22a2c11e3900c22000a1fb715_8.jpg"	"http://distilleryimage6.s3.amazonaws.com/7b2f55e22a2c11e3900c22000a1fb715_5.jpg"	"https://api.instagram.com/v1/media/search?client_id=58e5502e27644cee9bb2770ec28213c2&distance=5000&lat=40.722&lng=-73.992"	"daveofny"	"40.726125 -73.995238333"	"2013-10-01 00:00:28"	"http://www.instagram.com/daveofny"	"40.726125"	"-73.995238333"
"556715060338269049_184251189"	"http://www.instagram.com/coletteastier"	"http://images.ak.instagram.com/profiles/profile_184251189_75sq_1380513188.jpg"	"http://distilleryimage1.s3.amazonaws.com/7b373f642a2c11e397e622000a9e06d7_8.jpg"	"http://distilleryimage1.s3.amazonaws.com/7b373f642a2c11e397e622000a9e06d7_5.jpg"	"https://api.instagram.com/v1/media/search?client_id=58e5502e27644cee9bb2770ec28213c2&distance=5000&lat=40.805&lng=-73.950"	"coletteastier"	"40.769214533 -73.968507511"	"2013-10-01 00:00:28"	"http://www.instagram.com/coletteastier"	"40.769214533"	"-73.968507511"
"556715106072411147_557105654"	"http://www.instagram.com/imogenalexc"	"http://images.ak.instagram.com/profiles/profile_557105654_75sq_1379432593.jpg"	"http://distilleryimage3.s3.amazonaws.com/7e76f4802a2c11e3b55e22000a9f09fb_8.jpg"	"http://distilleryimage3.s3.amazonaws.com/7e76f4802a2c11e3b55e22000a9f09fb_5.jpg"	"https://api.instagram.com/v1/media/search?client_id=58e5502e27644cee9bb2770ec28213c2&distance=5000&lat=40.695&lng=-73.955"	"imogenalexc"	"40.683811801 -73.989284691"	"2013-10-01 00:00:33"	"http://www.instagram.com/imogenalexc"	"40.683811801"	"-73.989284691"
"556715119108963313_195791293"	"http://www.instagram.com/blsmitty"	"http://images.ak.instagram.com/profiles/profile_195791293_75sq_1374182391.jpg"	"http://distilleryimage5.s3.amazonaws.com/7f63f5962a2c11e3b28422000ab5ab6d_8.jpg"	"http://distilleryimage5.s3.amazonaws.com/7f63f5962a2c11e3b28422000ab5ab6d_5.jpg"	"https://api.instagram.com/v1/media/search?client_id=58e5502e27644cee9bb2770ec28213c2&distance=5000&lat=40.805&lng=-73.950"	"blsmitty"	"40.808784339 -73.966992744"	"2013-10-01 00:00:35"	"http://www.instagram.com/blsmitty"	"40.808784339"	"-73.966992744"
"556715129251686908_3312169"	"http://www.instagram.com/stephanielacava"	"http://images.ak.instagram.com/profiles/profile_3312169_75sq_1373445897.jpg"	"http://distilleryimage8.s3.amazonaws.com/801c5b542a2c11e38ef622000a1fa434_8.jpg"	"http://distilleryimage8.s3.amazonaws.com/801c5b542a2c11e38ef622000a1fa434_5.jpg"	"https://api.instagram.com/v1/media/search?client_id=58e5502e27644cee9bb2770ec28213c2&distance=5000&lat=40.745&lng=-73.988"	"stephanielacava"	"40.719465832 -74.000465468"	"2013-10-01 00:00:36"	"http://www.instagram.com/stephanielacava"	"40.719465832"	"-74.000465468"
"556715132857698491_196946105"	"http://www.instagram.com/jayy_vino_"	"http://images.ak.instagram.com/profiles/profile_196946105_75sq_1378606673.jpg"	"http://distilleryimage11.s3.amazonaws.com/805e76742a2c11e3892a22000aeb0bad_7.jpg"	"http://distilleryimage11.s3.amazonaws.com/805e76742a2c11e3892a22000aeb0bad_5.jpg"	"https://api.instagram.com/v1/media/search?client_id=58e5502e27644cee9bb2770ec28213c2&distance=5000&lat=40.805&lng=-73.950"	"jayy_vino_"	"40.822184898 -73.930596033"	"2013-10-01 00:00:37"	"http://www.instagram.com/jayy_vino_"	"40.822184898"	"-73.930596033"
"556715151633860001_40978504"	"http://www.instagram.com/spanishrob"	"http://images.ak.instagram.com/profiles/profile_40978504_75sq_1337184714.jpg"	"http://distilleryimage9.s3.amazonaws.com/81b42ec42a2c11e39b8622000ab5b9d2_7.jpg"	"http://distilleryimage9.s3.amazonaws.com/81b42ec42a2c11e39b8622000ab5b9d2_5.jpg"	"https://api.instagram.com/v1/media/search?client_id=58e5502e27644cee9bb2770ec28213c2&distance=5000&lat=40.722&lng=-73.992"	"spanishrob"	"40.721291 -73.994262"	"2013-10-01 00:00:39"	"http://www.instagram.com/spanishrob"	"40.721291"	"-73.994262"
"556715180307034574_14114395"	"http://www.instagram.com/mikathiha"	"http://images.ak.instagram.com/profiles/profile_14114395_75sq_1378921641.jpg"	"http://distilleryimage2.s3.amazonaws.com/83bef8202a2c11e3810822000aaa09c2_8.jpg"	"http://distilleryimage2.s3.amazonaws.com/83bef8202a2c11e3810822000aaa09c2_5.jpg"	"https://api.instagram.com/v1/media/search?client_id=58e5502e27644cee9bb2770ec28213c2&distance=5000&lat=40.775&lng=-73.968"	"mikathiha"	"40.743643913 -73.983888254"	"2013-10-01 00:00:42"	"http://www.instagram.com/mikathiha"	"40.743643913"	"-73.983888254"
"556715185513399435_28901504"	"http://www.instagram.com/droptoptv"	"http://images.ak.instagram.com/profiles/profile_28901504_75sq_1380584929.jpg"	"http://distilleryimage7.s3.amazonaws.com/841b20c82a2c11e39efa22000ae90e92_8.jpg"	"http://distilleryimage7.s3.amazonaws.com/841b20c82a2c11e39efa22000ae90e92_5.jpg"	"https://api.instagram.com/v1/media/search?client_id=58e5502e27644cee9bb2770ec28213c2&distance=5000&lat=40.722&lng=-73.992"	"droptoptv"	"40.682884644 -73.949291247"	"2013-10-01 00:00:43"	"http://www.instagram.com/droptoptv"	"40.682884644"	"-73.949291247"
"556715203467588320_352854011"	"http://www.instagram.com/shopjeen"	"http://images.ak.instagram.com/profiles/profile_352854011_75sq_1374075882.jpg"	"http://distilleryimage8.s3.amazonaws.com/85630b802a2c11e3943122000ab5bcef_8.jpg"	"http://distilleryimage8.s3.amazonaws.com/85630b802a2c11e3943122000ab5bcef_5.jpg"	"https://api.instagram.com/v1/media/search?client_id=58e5502e27644cee9bb2770ec28213c2&distance=5000&lat=40.775&lng=-73.968"	"shopjeen"	"40.744604655 -73.98726088"	"2013-10-01 00:00:45"	"http://www.instagram.com/shopjeen"	"40.744604655"	"-73.98726088"
"556715204490204849_557708236"	"http://www.instagram.com/juliezuckermanpac"	"http://images.ak.instagram.com/profiles/profile_557708236_75sq_1379607334.jpg"	"http://distilleryimage9.s3.amazonaws.com/8574cb862a2c11e3a86422000a1f9839_7.jpg"	"http://distilleryimage9.s3.amazonaws.com/8574cb862a2c11e3a86422000a1f9839_5.jpg"	"https://api.instagram.com/v1/media/search?client_id=58e5502e27644cee9bb2770ec28213c2&distance=5000&lat=40.775&lng=-73.968"	"juliezuckermanpac"	"40.75930852 -73.969916215"	"2013-10-01 00:00:45"	"http://www.instagram.com/juliezuckermanpac"	"40.75930852"	"-73.969916215"
"556715209261793691_5051743"	"http://www.instagram.com/sczscz"	"http://images.ak.instagram.com/profiles/profile_5051743_75sq_1374113893.jpg"	"http://distilleryimage3.s3.amazonaws.com/85cc3f6a2a2c11e395c422000a1fcca4_8.jpg"	"http://distilleryimage3.s3.amazonaws.com/85cc3f6a2a2c11e395c422000a1fcca4_5.jpg"	"https://api.instagram.com/v1/media/search?client_id=58e5502e27644cee9bb2770ec28213c2&distance=5000&lat=40.722&lng=-73.992"	"sczscz"	"40.719855 -73.959821667"	"2013-10-01 00:00:46"	"http://www.instagram.com/sczscz"	"40.719855"	"-73.959821667"
"556715223034229392_28780123"	"http://www.instagram.com/k1ngl1no"	"http://images.ak.instagram.com/profiles/profile_28780123_75sq_1380012803.jpg"	"http://distilleryimage4.s3.amazonaws.com/86c6b0122a2c11e3aaa222000a1fb843_7.jpg"	"http://distilleryimage4.s3.amazonaws.com/86c6b0122a2c11e3aaa222000a1fb843_5.jpg"	"https://api.instagram.com/v1/media/search?client_id=58e5502e27644cee9bb2770ec28213c2&distance=5000&lat=40.805&lng=-73.950"	"k1ngl1no"	"40.835736691 -73.911034795"	"2013-10-01 00:00:47"	"http://www.instagram.com/k1ngl1no"	"40.835736691"	"-73.911034795"
"556715242265213428_4289317"	"http://www.instagram.com/epicuriousman"	"http://images.ak.instagram.com/profiles/profile_4289317_75sq_1349221481.jpg"	"http://distilleryimage4.s3.amazonaws.com/882445322a2c11e3bcfd22000a1f9d84_8.jpg"	"http://distilleryimage4.s3.amazonaws.com/882445322a2c11e3bcfd22000a1f9d84_5.jpg"	"https://api.instagram.com/v1/media/search?client_id=58e5502e27644cee9bb2770ec28213c2&distance=5000&lat=40.745&lng=-73.988"	"epicuriousman"	"40.738197188 -73.99059418"	"2013-10-01 00:00:50"	"http://www.instagram.com/epicuriousman"	"40.738197188"	"-73.99059418"
"556715244198672192_284710108"	"http://www.instagram.com/harem_sclarem"	"http://images.ak.instagram.com/profiles/profile_284710108_75sq_1373299249.jpg"	"http://distilleryimage0.s3.amazonaws.com/8846f5962a2c11e3b22b22000a1f96e2_7.jpg"	"http://distilleryimage0.s3.amazonaws.com/8846f5962a2c11e3b22b22000a1f96e2_5.jpg"	"https://api.instagram.com/v1/media/search?client_id=58e5502e27644cee9bb2770ec28213c2&distance=5000&lat=40.805&lng=-73.950"	"harem_sclarem"	"40.80833 -73.960236667"	"2013-10-01 00:00:50"	"http://www.instagram.com/harem_sclarem"	"40.80833"	"-73.960236667"
"556715249953622020_21505465"	"http://www.instagram.com/tugcekocali"	"http://images.ak.instagram.com/profiles/profile_21505465_75sq_1345296612.jpg"	"http://distilleryimage4.s3.amazonaws.com/88b199502a2c11e3beb722000a9f3ce2_8.jpg"	"http://distilleryimage4.s3.amazonaws.com/88b199502a2c11e3beb722000a9f3ce2_5.jpg"	"https://api.instagram.com/v1/media/search?client_id=58e5502e27644cee9bb2770ec28213c2&distance=5000&lat=40.805&lng=-73.950"	"tugcekocali"	"40.763042089 -73.984233977"	"2013-10-01 00:00:51"	"http://www.instagram.com/tugcekocali"	"40.763042089"	"-73.984233977"
"556715254143397149_298654234"	"http://www.instagram.com/mayolebulldog"	"http://images.ak.instagram.com/profiles/profile_298654234_75sq_1366547899.jpg"	"http://distilleryimage9.s3.amazonaws.com/88fcd8e82a2c11e38c1022000a9e08e0_8.jpg"	"http://distilleryimage9.s3.amazonaws.com/88fcd8e82a2c11e38c1022000a9e08e0_5.jpg"	"https://api.instagram.com/v1/media/search?client_id=58e5502e27644cee9bb2770ec28213c2&distance=5000&lat=40.695&lng=-73.955"	"mayolebulldog"	"40.681274389 -73.927636631"	"2013-10-01 00:00:51"	"http://www.instagram.com/mayolebulldog"	"40.681274389"	"-73.927636631"
"556715329093201646_46986882"	"http://www.instagram.com/jdoninger"	"http://images.ak.instagram.com/profiles/profile_46986882_75sq_1361283341.jpg"	"http://distilleryimage2.s3.amazonaws.com/8e4ffd3e2a2c11e3b4d922000a1fae83_7.jpg"	"http://distilleryimage2.s3.amazonaws.com/8e4ffd3e2a2c11e3b4d922000a1fae83_5.jpg"	"https://api.instagram.com/v1/media/search?client_id=58e5502e27644cee9bb2770ec28213c2&distance=5000&lat=40.722&lng=-73.992"	"jdoninger"	"40.740086132 -74.032983152"	"2013-10-01 00:01:00"	"http://www.instagram.com/jdoninger"	"40.740086132"	"-74.032983152"
"556715340827138081_241285197"	"http://www.instagram.com/dannystephenquiroz"	"http://images.ak.instagram.com/profiles/profile_241285197_75sq_1379705817.jpg"	"http://distilleryimage5.s3.amazonaws.com/8f258fda2a2c11e3aca322000a1fa76a_8.jpg"	"http://distilleryimage5.s3.amazonaws.com/8f258fda2a2c11e3aca322000a1fa76a_5.jpg"	"https://api.instagram.com/v1/media/search?client_id=58e5502e27644cee9bb2770ec28213c2&distance=5000&lat=40.695&lng=-73.955"	"dannystephenquiroz"	"40.693240689 -73.92045557"	"2013-10-01 00:01:01"	"http://www.instagram.com/dannystephenquiroz"	"40.693240689"	"-73.92045557"
"556715351381420851_12811577"	"http://www.instagram.com/megstewart10"	"http://images.ak.instagram.com/profiles/profile_12811577_75sq_1359851532.jpg"	"http://distilleryimage7.s3.amazonaws.com/8fe5e12c2a2c11e3ac5222000a1fbd4b_8.jpg"	"http://distilleryimage7.s3.amazonaws.com/8fe5e12c2a2c11e3ac5222000a1fbd4b_5.jpg"	"https://api.instagram.com/v1/media/search?client_id=58e5502e27644cee9bb2770ec28213c2&distance=5000&lat=40.775&lng=-73.968"	"megstewart10"	"40.740982218 -74.008009633"	"2013-10-01 00:01:03"	"http://www.instagram.com/megstewart10"	"40.740982218"	"-74.008009633"
"556715355141498066_31573512"	"http://www.instagram.com/obey_whitneyx_"	"http://images.ak.instagram.com/profiles/profile_31573512_75sq_1375600497.jpg"	"http://distilleryimage6.s3.amazonaws.com/902a42cc2a2c11e3a7361231392838b2_7.jpg"	"http://distilleryimage6.s3.amazonaws.com/902a42cc2a2c11e3a7361231392838b2_5.jpg"	"https://api.instagram.com/v1/media/search?client_id=58e5502e27644cee9bb2770ec28213c2&distance=5000&lat=40.695&lng=-73.955"	"obey_whitneyx_"	"40.7081298 -73.9591635"	"2013-10-01 00:01:03"	"http://www.instagram.com/obey_whitneyx_"	"40.7081298"	"-73.9591635"
"556715372468972778_469980202"	"http://www.instagram.com/lulusmith233"	"http://images.ak.instagram.com/profiles/profile_469980202_75sq_1377469525.jpg"	"http://distilleryimage6.s3.amazonaws.com/91660b6c2a2c11e3933922000a1fc684_7.jpg"	"http://distilleryimage6.s3.amazonaws.com/91660b6c2a2c11e3933922000a1fc684_5.jpg"	"https://api.instagram.com/v1/media/search?client_id=58e5502e27644cee9bb2770ec28213c2&distance=5000&lat=40.695&lng=-73.955"	"lulusmith233"	"40.6743025 -73.9188805"	"2013-10-01 00:01:05"	"http://www.instagram.com/lulusmith233"	"40.6743025"	"-73.9188805"
"556715385281626168_19483375"	"http://www.instagram.com/mizzbrittanylauren"	"http://images.ak.instagram.com/profiles/profile_19483375_75sq_1375058237.jpg"	"http://distilleryimage4.s3.amazonaws.com/924d55f82a2c11e38fec22000aeb222c_8.jpg"	"http://distilleryimage4.s3.amazonaws.com/924d55f82a2c11e38fec22000aeb222c_5.jpg"	"https://api.instagram.com/v1/media/search?client_id=58e5502e27644cee9bb2770ec28213c2&distance=5000&lat=40.695&lng=-73.955"	"mizzbrittanylauren"	"40.739778667 -73.985087872"	"2013-10-01 00:01:07"	"http://www.instagram.com/mizzbrittanylauren"	"40.739778667"	"-73.985087872"
"556715386314581287_182149504"	"http://www.instagram.com/mmmichellepathe"	"http://images.ak.instagram.com/profiles/profile_182149504_75sq_1351116523.jpg"	"http://distilleryimage7.s3.amazonaws.com/9260539c2a2c11e389de22000a9f1406_7.jpg"	"http://distilleryimage7.s3.amazonaws.com/9260539c2a2c11e389de22000a9f1406_5.jpg"	"https://api.instagram.com/v1/media/search?client_id=58e5502e27644cee9bb2770ec28213c2&distance=5000&lat=40.695&lng=-73.955"	"mmmichellepathe"	"40.729675184 -73.984721801"	"2013-10-01 00:01:07"	"http://www.instagram.com/mmmichellepathe"	"40.729675184"	"-73.984721801"
"556715405445417378_35526009"	"http://www.instagram.com/le_ferraz"	"http://images.ak.instagram.com/profiles/profile_35526009_75sq_1333914051.jpg"	"http://distilleryimage6.s3.amazonaws.com/93bdbfd62a2c11e39dd822000a1ddafb_8.jpg"	"http://distilleryimage6.s3.amazonaws.com/93bdbfd62a2c11e39dd822000a1ddafb_5.jpg"	"https://api.instagram.com/v1/media/search?client_id=58e5502e27644cee9bb2770ec28213c2&distance=5000&lat=40.695&lng=-73.955"	"le_ferraz"	"40.733865366 -73.999629"	"2013-10-01 00:01:09"	"http://www.instagram.com/le_ferraz"	"40.733865366"	"-73.999629"
"556715407453849900_2154481"	"http://www.instagram.com/gmarchand"	"http://images.ak.instagram.com/profiles/profile_2154481_75sq_1360636133.jpg"	"http://distilleryimage4.s3.amazonaws.com/93e13b642a2c11e3920622000ae9085f_7.jpg"	"http://distilleryimage4.s3.amazonaws.com/93e13b642a2c11e3920622000ae9085f_5.jpg"	"https://api.instagram.com/v1/media/search?client_id=58e5502e27644cee9bb2770ec28213c2&distance=5000&lat=40.805&lng=-73.950"	"gmarchand"	"40.762700568 -73.959488939"	"2013-10-01 00:01:09"	"http://www.instagram.com/gmarchand"	"40.762700568"	"-73.959488939"
"556715409969611713_20358679"	"http://www.instagram.com/claudiajordan"	"http://images.ak.instagram.com/profiles/profile_20358679_75sq_1374239472.jpg"	"http://distilleryimage1.s3.amazonaws.com/940d4e342a2c11e3a8e322000a9f13d9_7.jpg"	"http://distilleryimage1.s3.amazonaws.com/940d4e342a2c11e3a8e322000a9f13d9_5.jpg"	"https://api.instagram.com/v1/media/search?client_id=58e5502e27644cee9bb2770ec28213c2&distance=5000&lat=40.805&lng=-73.950"	"claudiajordan"	"40.763 -73.984333333"	"2013-10-01 00:01:10"	"http://www.instagram.com/claudiajordan"	"40.763"	"-73.984333333"
"556715415765179836_1897742"	"http://www.instagram.com/jenbender76"	"http://images.ak.instagram.com/profiles/profile_1897742_75sq_1365518216.jpg"	"http://distilleryimage4.s3.amazonaws.com/9478dae62a2c11e3a1a622000a1fd15c_7.jpg"	"http://distilleryimage4.s3.amazonaws.com/9478dae62a2c11e3a1a622000a1fd15c_5.jpg"	"https://api.instagram.com/v1/media/search?client_id=58e5502e27644cee9bb2770ec28213c2&distance=5000&lat=40.805&lng=-73.950"	"jenbender76"	"40.803456418 -73.94196856"	"2013-10-01 00:01:10"	"http://www.instagram.com/jenbender76"	"40.803456418"	"-73.94196856"
"556715427274404795_3747795"	"http://www.instagram.com/kcbaxter"	"http://images.ak.instagram.com/profiles/profile_3747795_75sq_1344457742.jpg"	"http://distilleryimage3.s3.amazonaws.com/954813102a2c11e39caa22000a1f96f6_8.jpg"	"http://distilleryimage3.s3.amazonaws.com/954813102a2c11e39caa22000a1f96f6_5.jpg"	"https://api.instagram.com/v1/media/search?client_id=58e5502e27644cee9bb2770ec28213c2&distance=5000&lat=40.805&lng=-73.950"	"kcbaxter"	"40.762318 -73.949266"	"2013-10-01 00:01:12"	"http://www.instagram.com/kcbaxter"	"40.762318"	"-73.949266"
"556715434538897302_546622754"	"http://www.instagram.com/miathepompom"	"http://images.ak.instagram.com/profiles/profile_546622754_75sq_1380154429.jpg"	"http://distilleryimage10.s3.amazonaws.com/95cdd0d62a2c11e3b72422000aa821e3_8.jpg"	"http://distilleryimage10.s3.amazonaws.com/95cdd0d62a2c11e3b72422000aa821e3_5.jpg"	"https://api.instagram.com/v1/media/search?client_id=58e5502e27644cee9bb2770ec28213c2&distance=5000&lat=40.775&lng=-73.968"	"miathepompom"	"40.747432082 -73.956105327"	"2013-10-01 00:01:13"	"http://www.instagram.com/miathepompom"	"40.747432082"	"-73.956105327"
"556715444916084672_245263222"	"http://www.instagram.com/thisbitch_jay"	"http://images.ak.instagram.com/profiles/profile_245263222_75sq_1367377254.jpg"	"http://distilleryimage0.s3.amazonaws.com/968aaef42a2c11e3ae7622000a9e085e_8.jpg"	"http://distilleryimage0.s3.amazonaws.com/968aaef42a2c11e3ae7622000a9e085e_5.jpg"	"https://api.instagram.com/v1/media/search?client_id=58e5502e27644cee9bb2770ec28213c2&distance=5000&lat=40.722&lng=-73.992"	"thisbitch_jay"	"40.683721389 -73.971132932"	"2013-10-01 00:01:14"	"http://www.instagram.com/thisbitch_jay"	"40.683721389"	"-73.971132932"
"556715445696497506_2328488"	"http://www.instagram.com/areilchan"	"http://images.ak.instagram.com/profiles/profile_2328488_75sq_1380585313.jpg"	"http://distilleryimage10.s3.amazonaws.com/9699a0ee2a2c11e3bf8b22000a1fb004_8.jpg"	"http://distilleryimage10.s3.amazonaws.com/9699a0ee2a2c11e3bf8b22000a1fb004_5.jpg"	"https://api.instagram.com/v1/media/search?client_id=58e5502e27644cee9bb2770ec28213c2&distance=5000&lat=40.805&lng=-73.950"	"areilchan"	"40.761396839 -73.976985749"	"2013-10-01 00:01:14"	"http://www.instagram.com/areilchan"	"40.761396839"	"-73.976985749"
"556715456541141827_219761705"	"http://www.instagram.com/dotpog"	"http://images.ak.instagram.com/profiles/profile_219761705_75sq_1347117587.jpg"	"http://distilleryimage11.s3.amazonaws.com/975d37c02a2c11e3bbd822000a9f15da_7.jpg"	"http://distilleryimage11.s3.amazonaws.com/975d37c02a2c11e3bbd822000a9f15da_5.jpg"	"https://api.instagram.com/v1/media/search?client_id=58e5502e27644cee9bb2770ec28213c2&distance=5000&lat=40.695&lng=-73.955"	"dotpog"	"40.7395 -73.925666667"	"2013-10-01 00:01:15"	"http://www.instagram.com/dotpog"	"40.7395"	"-73.925666667"
"556715456895534504_342923728"	"http://www.instagram.com/rmart29805"	"http://images.ak.instagram.com/profiles/profile_342923728_75sq_1378174155.jpg"	"http://distilleryimage0.s3.amazonaws.com/976453a22a2c11e38c8722000a1f90f9_8.jpg"	"http://distilleryimage0.s3.amazonaws.com/976453a22a2c11e38c8722000a1f90f9_5.jpg"	"https://api.instagram.com/v1/media/search?client_id=58e5502e27644cee9bb2770ec28213c2&distance=5000&lat=40.745&lng=-73.988"	"rmart29805"	"40.755272308 -73.992451863"	"2013-10-01 00:01:15"	"http://www.instagram.com/rmart29805"	"40.755272308"	"-73.992451863"
"556715457514045974_145766535"	"http://www.instagram.com/alrabin"	"http://images.ak.instagram.com/profiles/profile_145766535_75sq_1377132745.jpg"	"http://distilleryimage6.s3.amazonaws.com/976ef96a2a2c11e388da22000a1f92a6_7.jpg"	"http://distilleryimage6.s3.amazonaws.com/976ef96a2a2c11e388da22000a1f92a6_5.jpg"	"https://api.instagram.com/v1/media/search?client_id=58e5502e27644cee9bb2770ec28213c2&distance=5000&lat=40.745&lng=-73.988"	"alrabin"	"40.772761228 -73.947693436"	"2013-10-01 00:01:15"	"http://www.instagram.com/alrabin"	"40.772761228"	"-73.947693436"
"556715458672558110_2167399"	"http://www.instagram.com/katmat_01"	"http://images.ak.instagram.com/profiles/profile_2167399_75sq_1379796128.jpg"	"http://distilleryimage6.s3.amazonaws.com/97854b342a2c11e3a65322000a1f935c_8.jpg"	"http://distilleryimage6.s3.amazonaws.com/97854b342a2c11e3a65322000a1f935c_5.jpg"	"https://api.instagram.com/v1/media/search?client_id=58e5502e27644cee9bb2770ec28213c2&distance=5000&lat=40.695&lng=-73.955"	"katmat_01"	"40.699250011 -73.937637773"	"2013-10-01 00:01:16"	"http://www.instagram.com/katmat_01"	"40.699250011"	"-73.937637773"
"556715461040523622_258889721"	"http://www.instagram.com/prmele"	"http://images.ak.instagram.com/profiles/profile_258889721_75sq_1376082100.jpg"	"http://distilleryimage10.s3.amazonaws.com/97affed82a2c11e38a0b22000aeb2267_8.jpg"	"http://distilleryimage10.s3.amazonaws.com/97affed82a2c11e38a0b22000aeb2267_5.jpg"	"https://api.instagram.com/v1/media/search?client_id=58e5502e27644cee9bb2770ec28213c2&distance=5000&lat=40.722&lng=-73.992"	"prmele"	"40.727811644 -74.003026485"	"2013-10-01 00:01:16"	"http://www.instagram.com/prmele"	"40.727811644"	"-74.003026485"
"556715461447209406_35080467"	"http://www.instagram.com/gerryvisco"	"http://images.ak.instagram.com/profiles/profile_35080467_75sq_1380339351.jpg"	"http://distilleryimage10.s3.amazonaws.com/97b688522a2c11e3ac4722000a9f393d_8.jpg"	"http://distilleryimage10.s3.amazonaws.com/97b688522a2c11e3ac4722000a9f393d_5.jpg"	"https://api.instagram.com/v1/media/search?client_id=58e5502e27644cee9bb2770ec28213c2&distance=5000&lat=40.722&lng=-73.992"	"gerryvisco"	"40.726376135 -74.005530629"	"2013-10-01 00:01:16"	"http://www.instagram.com/gerryvisco"	"40.726376135"	"-74.005530629"
"556715465448341558_2695239"	"http://www.instagram.com/lizalegless"	"http://images.ak.instagram.com/profiles/profile_2695239_75sq_1357187669.jpg"	"http://distilleryimage2.s3.amazonaws.com/97fcc2722a2c11e39a1922000a9d0dee_8.jpg"	"http://distilleryimage2.s3.amazonaws.com/97fcc2722a2c11e39a1922000a9d0dee_5.jpg"	"https://api.instagram.com/v1/media/search?client_id=58e5502e27644cee9bb2770ec28213c2&distance=5000&lat=40.722&lng=-73.992"	"lizalegless"	"40.730666667 -73.949833333"	"2013-10-01 00:01:16"	"http://www.instagram.com/lizalegless"	"40.730666667"	"-73.949833333"
"556715482455672475_249058776"	"http://www.instagram.com/gmissura"	"http://images.ak.instagram.com/profiles/profile_249058776_75sq_1375418250.jpg"	"http://distilleryimage7.s3.amazonaws.com/993525622a2c11e380cd22000a9f18de_7.jpg"	"http://distilleryimage7.s3.amazonaws.com/993525622a2c11e380cd22000a9f18de_5.jpg"	"https://api.instagram.com/v1/media/search?client_id=58e5502e27644cee9bb2770ec28213c2&distance=5000&lat=40.775&lng=-73.968"	"gmissura"	"40.758816109 -73.978621047"	"2013-10-01 00:01:18"	"http://www.instagram.com/gmissura"	"40.758816109"	"-73.978621047"
"556715498671522458_19589431"	"http://www.instagram.com/svarjan1"	"http://images.ak.instagram.com/profiles/profile_19589431_75sq_1366302267.jpg"	"http://distilleryimage6.s3.amazonaws.com/9a5d03882a2c11e3880f22000a1f9ca7_7.jpg"	"http://distilleryimage6.s3.amazonaws.com/9a5d03882a2c11e3880f22000a1f9ca7_5.jpg"	"https://api.instagram.com/v1/media/search?client_id=58e5502e27644cee9bb2770ec28213c2&distance=5000&lat=40.722&lng=-73.992"	"svarjan1"	"40.747834034 -74.030805957"	"2013-10-01 00:01:20"	"http://www.instagram.com/svarjan1"	"40.747834034"	"-74.030805957"
"556715506388925641_16284318"	"http://www.instagram.com/ape_the_great"	"http://images.ak.instagram.com/profiles/profile_16284318_75sq_1378162250.jpg"	"http://distilleryimage5.s3.amazonaws.com/9ae3adfc2a2c11e3a53722000aeb43de_7.jpg"	"http://distilleryimage5.s3.amazonaws.com/9ae3adfc2a2c11e3a53722000aeb43de_5.jpg"	"https://api.instagram.com/v1/media/search?client_id=58e5502e27644cee9bb2770ec28213c2&distance=5000&lat=40.775&lng=-73.968"	"ape_the_great"	"40.743117669 -73.951535495"	"2013-10-01 00:01:21"	"http://www.instagram.com/ape_the_great"	"40.743117669"	"-73.951535495"
"556715508473992869_5305708"	"http://www.instagram.com/kriheli"	"http://images.ak.instagram.com/profiles/profile_5305708_75sq_1380248536.jpg"	"http://distilleryimage9.s3.amazonaws.com/9b0dd62c2a2c11e38ce622000a9f13a7_8.jpg"	"http://distilleryimage9.s3.amazonaws.com/9b0dd62c2a2c11e38ce622000a9f13a7_5.jpg"	"https://api.instagram.com/v1/media/search?client_id=58e5502e27644cee9bb2770ec28213c2&distance=5000&lat=40.775&lng=-73.968"	"kriheli"	"40.79423184 -73.975802629"	"2013-10-01 00:01:21"	"http://www.instagram.com/kriheli"	"40.79423184"	"-73.975802629"
"556715509253599326_5815187"	"http://www.instagram.com/hecisdead"	"http://images.ak.instagram.com/profiles/profile_5815187_75sq_1376323213.jpg"	"http://distilleryimage6.s3.amazonaws.com/9b1cf8782a2c11e3871e22000ae80c97_8.jpg"	"http://distilleryimage6.s3.amazonaws.com/9b1cf8782a2c11e3871e22000ae80c97_5.jpg"	"https://api.instagram.com/v1/media/search?client_id=58e5502e27644cee9bb2770ec28213c2&distance=5000&lat=40.775&lng=-73.968"	"hecisdead"	"40.76704389 -73.98216418"	"2013-10-01 00:01:22"	"http://www.instagram.com/hecisdead"	"40.76704389"	"-73.98216418"
"556715519891736805_423131537"	"http://www.instagram.com/worldwide_moe"	"http://images.ak.instagram.com/profiles/profile_423131537_75sq_1379346113.jpg"	"http://distilleryimage1.s3.amazonaws.com/9bdd5b5e2a2c11e3851d22000a1fb71f_8.jpg"	"http://distilleryimage1.s3.amazonaws.com/9bdd5b5e2a2c11e3851d22000a1fb71f_5.jpg"	"https://api.instagram.com/v1/media/search?client_id=58e5502e27644cee9bb2770ec28213c2&distance=5000&lat=40.722&lng=-73.992"	"worldwide_moe"	"40.690076503 -73.99369876"	"2013-10-01 00:01:23"	"http://www.instagram.com/worldwide_moe"	"40.690076503"	"-73.99369876"
"556715523652869246_17979502"	"http://www.instagram.com/mallydoodle"	"http://images.ak.instagram.com/profiles/profile_17979502_75sq_1350877871.jpg"	"http://distilleryimage6.s3.amazonaws.com/9c22af9c2a2c11e3957d22000a1fa40f_7.jpg"	"http://distilleryimage6.s3.amazonaws.com/9c22af9c2a2c11e3957d22000a1fa40f_5.jpg"	"https://api.instagram.com/v1/media/search?client_id=58e5502e27644cee9bb2770ec28213c2&distance=5000&lat=40.805&lng=-73.950"	"mallydoodle"	"40.76867782 -73.981923917"	"2013-10-01 00:01:23"	"http://www.instagram.com/mallydoodle"	"40.76867782"	"-73.981923917"
"556715528085840094_3245007"	"http://www.instagram.com/flungster"	"http://images.ak.instagram.com/profiles/profile_3245007_75sq_1353892585.jpg"	"http://distilleryimage10.s3.amazonaws.com/9c7204b62a2c11e3852a22000a9e0709_8.jpg"	"http://distilleryimage10.s3.amazonaws.com/9c7204b62a2c11e3852a22000a9e0709_5.jpg"	"https://api.instagram.com/v1/media/search?client_id=58e5502e27644cee9bb2770ec28213c2&distance=5000&lat=40.805&lng=-73.950"	"flungster"	"40.776193805 -73.943338482"	"2013-10-01 00:01:24"	"http://www.instagram.com/flungster"	"40.776193805"	"-73.943338482"
"556715529532781288_352854011"	"http://www.instagram.com/shopjeen"	"http://images.ak.instagram.com/profiles/profile_352854011_75sq_1374075882.jpg"	"http://distilleryimage8.s3.amazonaws.com/9c8e41da2a2c11e3993c1231390e49d1_8.jpg"	"http://distilleryimage8.s3.amazonaws.com/9c8e41da2a2c11e3993c1231390e49d1_5.jpg"	"https://api.instagram.com/v1/media/search?client_id=58e5502e27644cee9bb2770ec28213c2&distance=5000&lat=40.775&lng=-73.968"	"shopjeen"	"40.744652222 -73.987241602"	"2013-10-01 00:01:24"	"http://www.instagram.com/shopjeen"	"40.744652222"	"-73.987241602"
"556715542678492503_30854756"	"http://www.instagram.com/johnsurico"	"http://images.ak.instagram.com/profiles/profile_30854756_75sq_1379280221.jpg"	"http://distilleryimage3.s3.amazonaws.com/9d7c95d82a2c11e3950322000a1fcea7_8.jpg"	"http://distilleryimage3.s3.amazonaws.com/9d7c95d82a2c11e3950322000a1fcea7_5.jpg"	"https://api.instagram.com/v1/media/search?client_id=58e5502e27644cee9bb2770ec28213c2&distance=5000&lat=40.695&lng=-73.955"	"johnsurico"	"40.673213333 -73.95278"	"2013-10-01 00:01:26"	"http://www.instagram.com/johnsurico"	"40.673213333"	"-73.95278"
"556715556021604723_191667"	"http://www.instagram.com/izitrofm"	"http://images.ak.instagram.com/profiles/profile_191667_75sq_1373222088.jpg"	"http://distilleryimage7.s3.amazonaws.com/9e6ed03c2a2c11e3bf1822000aaa0492_8.jpg"	"http://distilleryimage7.s3.amazonaws.com/9e6ed03c2a2c11e3bf1822000aaa0492_5.jpg"	"https://api.instagram.com/v1/media/search?client_id=58e5502e27644cee9bb2770ec28213c2&distance=5000&lat=40.805&lng=-73.950"	"izitrofm"	"40.820912537 -73.915955443"	"2013-10-01 00:01:27"	"http://www.instagram.com/izitrofm"	"40.820912537"	"-73.915955443"
"556715563857438332_207032520"	"http://www.instagram.com/yahsuan0721"	"http://images.ak.instagram.com/profiles/profile_207032520_75sq_1374122102.jpg"	"http://distilleryimage8.s3.amazonaws.com/9efe07842a2c11e3930d22000a1fb865_7.jpg"	"http://distilleryimage8.s3.amazonaws.com/9efe07842a2c11e3930d22000a1fb865_5.jpg"	"https://api.instagram.com/v1/media/search?client_id=58e5502e27644cee9bb2770ec28213c2&distance=5000&lat=40.775&lng=-73.968"	"yahsuan0721"	"40.7560462 -73.97636962"	"2013-10-01 00:01:28"	"http://www.instagram.com/yahsuan0721"	"40.7560462"	"-73.97636962"
"556715574602321608_396106618"	"http://www.instagram.com/thesecretjojo"	"http://images.ak.instagram.com/profiles/profile_396106618_75sq_1380427681.jpg"	"http://distilleryimage4.s3.amazonaws.com/9fc094e82a2c11e3a8b322000a1f9691_8.jpg"	"http://distilleryimage4.s3.amazonaws.com/9fc094e82a2c11e3a8b322000a1f9691_5.jpg"	"https://api.instagram.com/v1/media/search?client_id=58e5502e27644cee9bb2770ec28213c2&distance=5000&lat=40.805&lng=-73.950"	"thesecretjojo"	"40.83847166 -73.926742533"	"2013-10-01 00:01:29"	"http://www.instagram.com/thesecretjojo"	"40.83847166"	"-73.926742533"
"556715581986820456_12779083"	"http://www.instagram.com/erinconsidine"	"http://images.ak.instagram.com/profiles/profile_12779083_75sq_1378471667.jpg"	"http://distilleryimage4.s3.amazonaws.com/a0485ca22a2c11e385f622000ab5bce4_7.jpg"	"http://distilleryimage4.s3.amazonaws.com/a0485ca22a2c11e385f622000ab5bce4_5.jpg"	"https://api.instagram.com/v1/media/search?client_id=58e5502e27644cee9bb2770ec28213c2&distance=5000&lat=40.695&lng=-73.955"	"erinconsidine"	"40.714369183 -73.95352805"	"2013-10-01 00:01:30"	"http://www.instagram.com/erinconsidine"	"40.714369183"	"-73.95352805"
"556715583942083910_20114784"	"http://www.instagram.com/sabrinasith"	"http://images.ak.instagram.com/profiles/profile_20114784_75sq_1378244419.jpg"	"http://distilleryimage6.s3.amazonaws.com/a06bed662a2c11e3ae7622000a9e085e_8.jpg"	"http://distilleryimage6.s3.amazonaws.com/a06bed662a2c11e3ae7622000a9e085e_5.jpg"	"https://api.instagram.com/v1/media/search?client_id=58e5502e27644cee9bb2770ec28213c2&distance=5000&lat=40.775&lng=-73.968"	"sabrinasith"	"40.803398101 -73.937473227"	"2013-10-01 00:01:30"	"http://www.instagram.com/sabrinasith"	"40.803398101"	"-73.937473227"
"556715588929220796_20560795"	"http://www.instagram.com/vennavee"	"http://images.ak.instagram.com/profiles/profile_20560795_75sq_1380585473.jpg"	"http://distilleryimage0.s3.amazonaws.com/a0c3be2e2a2c11e3be5222000a1fafb5_8.jpg"	"http://distilleryimage0.s3.amazonaws.com/a0c3be2e2a2c11e3be5222000a1fafb5_5.jpg"	"https://api.instagram.com/v1/media/search?client_id=58e5502e27644cee9bb2770ec28213c2&distance=5000&lat=40.722&lng=-73.992"	"vennavee"	"40.743832 -74.006813"	"2013-10-01 00:01:31"	"http://www.instagram.com/vennavee"	"40.743832"	"-74.006813"
"556715591814789340_295280685"	"http://www.instagram.com/dustincantrellphotography"	"http://images.ak.instagram.com/profiles/profile_295280685_75sq_1377029684.jpg"	"http://distilleryimage4.s3.amazonaws.com/a0fba97e2a2c11e3a94522000a1fbc56_7.jpg"	"http://distilleryimage4.s3.amazonaws.com/a0fba97e2a2c11e3a94522000a1fbc56_5.jpg"	"https://api.instagram.com/v1/media/search?client_id=58e5502e27644cee9bb2770ec28213c2&distance=5000&lat=40.775&lng=-73.968"	"dustincantrellphotography"	"40.732666667 -73.961833333"	"2013-10-01 00:01:31"	"http://www.instagram.com/dustincantrellphotography"	"40.732666667"	"-73.961833333"
"556715593209641098_257917973"	"http://www.instagram.com/katmora25"	"http://images.ak.instagram.com/profiles/profile_257917973_75sq_1376227553.jpg"	"http://distilleryimage10.s3.amazonaws.com/a1155e322a2c11e386ac22000aa801c9_8.jpg"	"http://distilleryimage10.s3.amazonaws.com/a1155e322a2c11e386ac22000aa801c9_5.jpg"	"https://api.instagram.com/v1/media/search?client_id=58e5502e27644cee9bb2770ec28213c2&distance=5000&lat=40.775&lng=-73.968"	"katmora25"	"40.787813617 -74.004544029"	"2013-10-01 00:01:32"	"http://www.instagram.com/katmora25"	"40.787813617"	"-74.004544029"
"556715605849547981_245236288"	"http://www.instagram.com/jujomase"	"http://images.ak.instagram.com/profiles/profile_245236288_75sq_1380473146.jpg"	"http://distilleryimage5.s3.amazonaws.com/a1f9c0682a2c11e3967b22000aa80146_8.jpg"	"http://distilleryimage5.s3.amazonaws.com/a1f9c0682a2c11e3967b22000aa80146_5.jpg"	"https://api.instagram.com/v1/media/search?client_id=58e5502e27644cee9bb2770ec28213c2&distance=5000&lat=40.722&lng=-73.992"	"jujomase"	"40.758910342 -73.979014261"	"2013-10-01 00:01:33"	"http://www.instagram.com/jujomase"	"40.758910342"	"-73.979014261"
"556715607764864452_176138938"	"http://www.instagram.com/mr_ars"	"http://images.ak.instagram.com/profiles/profile_176138938_75sq_1375922228.jpg"	"http://distilleryimage4.s3.amazonaws.com/a21cf4a22a2c11e396cd22000a1fd1c2_7.jpg"	"http://distilleryimage4.s3.amazonaws.com/a21cf4a22a2c11e396cd22000a1fd1c2_5.jpg"	"https://api.instagram.com/v1/media/search?client_id=58e5502e27644cee9bb2770ec28213c2&distance=5000&lat=40.695&lng=-73.955"	"mr_ars"	"40.729573158 -73.988027491"	"2013-10-01 00:01:33"	"http://www.instagram.com/mr_ars"	"40.729573158"	"-73.988027491"
"556715644805473413_188550536"	"http://www.instagram.com/jhctwo"	"http://images.ak.instagram.com/profiles/profile_188550536_75sq_1377945984.jpg"	"http://distilleryimage9.s3.amazonaws.com/a4be4af82a2c11e3925f22000a1fb71a_8.jpg"	"http://distilleryimage9.s3.amazonaws.com/a4be4af82a2c11e3925f22000a1fb71a_5.jpg"	"https://api.instagram.com/v1/media/search?client_id=58e5502e27644cee9bb2770ec28213c2&distance=5000&lat=40.775&lng=-73.968"	"jhctwo"	"40.74224172 -74.005451202"	"2013-10-01 00:01:38"	"http://www.instagram.com/jhctwo"	"40.74224172"	"-74.005451202"
"556715646519429862_15273153"	"http://www.instagram.com/lyndsaymagid"	"http://images.ak.instagram.com/profiles/profile_15273153_75sq_1368462945.jpg"	"http://distilleryimage10.s3.amazonaws.com/a4dd22662a2c11e3a01e22000aeb0f45_7.jpg"	"http://distilleryimage10.s3.amazonaws.com/a4dd22662a2c11e3a01e22000aeb0f45_5.jpg"	"https://api.instagram.com/v1/media/search?client_id=58e5502e27644cee9bb2770ec28213c2&distance=5000&lat=40.775&lng=-73.968"	"lyndsaymagid"	"40.7585 -73.988"	"2013-10-01 00:01:38"	"http://www.instagram.com/lyndsaymagid"	"40.7585"	"-73.988"
